<?xml version="1.0" encoding="UTF-8"?>
<beans xmlns="http://www.springframework.org/schema/beans"
       xmlns:xsi="http://www.w3.org/2001/XMLSchema-instance"
       xmlns:context="http://www.springframework.org/schema/context"
       xmlns:aop="http://www.springframework.org/schema/aop"
       xmlns:tx="http://www.springframework.org/schema/tx"
       xmlns:mybatis="http://mybatis.org/schema/mybatis-spring"
       xsi:schemaLocation="http://www.springframework.org/schema/beans https://www.springframework.org/schema/beans/spring-beans.xsd
                           http://www.springframework.org/schema/tx http://www.springframework.org/schema/tx/spring-tx.xsd
                           http://www.springframework.org/schema/aop https://www.springframework.org/schema/aop/spring-aop.xsd
                           http://www.springframework.org/schema/context https://www.springframework.org/schema/context/spring-context.xsd
                           http://mybatis.org/schema/mybatis-spring http://mybatis.org/schema/mybatis-spring.xsd">

    <!-- 扫描注解类：除了SpringMVC的处理器(控制器)都扫 -->
    <context:component-scan base-package="com.nreg">
        <context:exclude-filter type="annotation" expression="org.springframework.stereotype.Controller" />
    </context:component-scan>

    <!--通过context标签引入外部属性文件-->
    <context:property-placeholder location="classpath:jdbc.properties"/>

    <!-- 配置数据源 -->
    <bean id="dataSource" class="org.apache.commons.dbcp2.BasicDataSource">
        <!-- 配置连接池属性 -->
        <property name="driverClassName" value="${jdbc.driver}"/>
        <property name="url" value="${jdbc.url}"/>
        <property name="username" value="${jdbc.username}"/>
        <property name="password" value="${jdbc.password}"/>
    </bean>

    <!--与Mybatis整合的配置-->
    <!--配置Mybatis工厂-->
    <bean id="sqlSessionFactory" class="org.mybatis.spring.SqlSessionFactoryBean">
        <!-- 指定数据源 -->
        <property name="dataSource" ref="dataSource"></property>
        <!-- 指定mybatis配置文件的位置 -->
        <property name="configLocation" value="classpath:mybatis-config.xml"></property>
    </bean>

    <!-- Mapper扫描：接口与映射文件的扫描 -->
    <bean class="org.mybatis.spring.mapper.MapperScannerConfigurer">
        <!--基本包 -->
        <property name="basePackage" value="com.nreg.mapper"></property>
    </bean>

    <!--配置事务管理器-->
    <bean id="transactionManager" class="org.springframework.jdbc.datasource.DataSourceTransactionManager">
        <!--控制住数据源 -->
        <property name="dataSource" ref="dataSource"></property>
    </bean>

    <!--aop的配置 -->
    <aop:config>
        <!-- 配置Pointcut(切入点) -->
        <aop:pointcut expression="execution(* com.nreg.service..*(..))" id="pointcut" />
        <!--配置aspect(切面)-->
        <!--aop:aspect：指多个切入点和多个通知的组合-->
        <!--aop:advisor：指一个切入点和一个通知的组合-->
        <aop:advisor advice-ref="txAdvice" pointcut-ref="pointcut" />
    </aop:config>

    <!--配置advice(通知) -->
    <tx:advice id="txAdvice" transaction-manager="transactionManager">
        <tx:attributes>
            <!--指定单个方法 name:方法名 propagation:传播行为 isolation:隔离级别 timeout:过期时间，设置-1永不过期-->
            <tx:method name="addImgInfo" propagation="REQUIRED" />
        </tx:attributes>
    </tx:advice>
</beans>