<?xml version="1.0" encoding="UTF-8" ?>
<!DOCTYPE configuration
        PUBLIC "-//mybatis.org//DTD Config 3.0//EN"
        "http://mybatis.org/dtd/mybatis-3-config.dtd">
<configuration>
    <!--settings元素：用于设置MyBatis的全局配置-->
    <settings>
        <!-- 二级缓存的全局总开关  默认值true -->
        <setting name="cacheEnabled" value="true"/>
        <!-- 延迟加载的全局开关 默认值	false-->
        <setting name="lazyLoadingEnabled" value="true"/>
        <!-- 按需加载：false:每个属性会按需加载 true:任何方法的调用都会加载该对象的所有属性 -->
        <setting name="aggressiveLazyLoading" value="false" />
        <!-- 驼峰命名映射：从经典的数据库列名（user_id)到经典的java驼峰命名(userId) 默认值false-->
        <setting name="mapUnderscoreToCamelCase" value="true" />
    </settings>

    <!--typeAliases元素：类型别名处理器，用于减少类的完全限定名的冗余(包名+类名的繁琐方式)-->
    <!--别名用于Mapper映射器的xml映射文件的insert标签的parameterType属性-->
    <typeAliases>
        <!-- 单个别名定义 -->
        <!--<typeAlias alias="User"  type="com.nreg.bean.User"/>-->
        <!-- 批量别名定义:开启扫描，别名为类名（大小写不敏感） -->
        <package name="com.nreg.bean"/>
        <package name="其它包"/>
    </typeAliases>

    <!--plugins元素：插件-->
    <plugins>
        <plugin interceptor="com.github.pagehelper.PageInterceptor">
            <!--分页参数合理化  -->
            <property name="reasonable" value="true"/>
        </plugin>
    </plugins>
</configuration>