<?xml version="1.0" encoding="UTF-8"?>
<beans xmlns="http://www.springframework.org/schema/beans"
       xmlns:xsi="http://www.w3.org/2001/XMLSchema-instance"
       xmlns:context="http://www.springframework.org/schema/context"
       xmlns:mvc="http://www.springframework.org/schema/mvc"
       xsi:schemaLocation="
        http://www.springframework.org/schema/beans https://www.springframework.org/schema/beans/spring-beans.xsd
        http://www.springframework.org/schema/context https://www.springframework.org/schema/context/spring-context.xsd
        http://www.springframework.org/schema/mvc http://www.springframework.org/schema/mvc/spring-mvc-4.3.xsd">

    <!-- 配置控制器扫描: controller包 -->
    <context:component-scan base-package="com.nreg" use-default-filters="false">
        <!--只扫描控制器-->
        <context:include-filter type="annotation" expression="org.springframework.stereotype.Controller" />
    </context:component-scan>

    <!-- 配置注解驱动：用于代替映射器、适配器，支持springmvc更高级的功能：JSR303校验、快捷ajax、映射动态请求等 -->
    <mvc:annotation-driven/>
    <!-- 处理请求返回json字符串的乱码问题 -->
<!--    <mvc:annotation-driven>-->
<!--        <mvc:message-converters>-->
<!--            <bean class="org.springframework.http.converter.StringHttpMessageConverter">-->
<!--                <property name="supportedMediaTypes">-->
<!--                    <list>-->
<!--                        <value>application/json;charset=UTF-8</value>-->
<!--                    </list>-->
<!--                </property>-->
<!--            </bean>-->
<!--        </mvc:message-converters>-->
<!--    </mvc:annotation-driven>-->
    <!-- 加载属性文件,用于控制层调用，解决硬硬编码-->
    <context:property-placeholder location="classpath:jdbc.properties"/>
    <!--配置视图解析器，方便页面返回  -->
    <bean class="org.springframework.web.servlet.view.InternalResourceViewResolver">
        <!--  配置前、后缀，前缀：JSP页面所在路径，后缀：是否是jsp页面 -->
        <property name="prefix" value="/WEB-INF/views/"></property><!--在路径后多加了条杠-->
        <property name="suffix" value=".jsp"></property>
    </bean>

    <!--两个标准配置  -->
    <!-- 将springmvc不能处理的请求交给tomcat -->
    <mvc:default-servlet-handler/>
    <!-- 配置注解驱动：用于代替映射器、适配器，支持springmvc更高级的功能：JSR303校验、快捷ajax、映射动态请求等 -->
    <mvc:annotation-driven/>

    <!-- 对指定的静态资源放行 -->
    <mvc:resources location="static/CSS" mapping="/CSS/**"></mvc:resources>
    <mvc:resources location="static/fonts" mapping="/fonts/**"></mvc:resources>
    <mvc:resources location="static/JS" mapping="/JS/**"></mvc:resources>

</beans>