<?xml version="1.0" encoding="utf-8" ?>
<Server port="8095" shutdown="SHUTDOWN">
     <Listener className="org.apache.catalina.startup.VersionLoggerListener" />
     <!-- Security listener. Documentation at /docs/config/listeners.html
  <Listener className="org.apache.catalina.security.SecurityListener" />
  -->
     <!--APR library loader. Documentation at /docs/apr.html -->
     <Listener className="org.apache.catalina.core.AprLifecycleListener" SSLEngine="on" />
     <!--Initialize Jasper prior to webapps are loaded. Documentation at /docs/jasper-howto.html -->
     <Listener className="org.apache.catalina.core.JasperListener" />
     <!-- Prevent memory leaks due to use of particular java/javax APIs-->
     <Listener className="org.apache.catalina.core.JreMemoryLeakPreventionListener" />
     <Listener className="org.apache.catalina.mbeans.GlobalResourcesLifecycleListener" />
     <Listener className="org.apache.catalina.core.ThreadLocalLeakPreventionListener" />

     <GlobalNamingResources>

          <Resource name="UserDatabase" auth="Container" type="org.apache.catalina.UserDatabase" description="User database that can be updated and saved" factory="org.apache.catalina.users.MemoryUserDatabaseFactory" pathname="conf/tomcat-users.xml" />
     </GlobalNamingResources>

     <Service name="Catalina">

          <Connector port="8866" protocol="HTTP/1.1" connectionTimeout="20000" redirectPort="8443" />

          <Connector port="8099" protocol="AJP/1.3" redirectPort="8443" />

          <Engine name="Catalina" defaultHost="localhost">

               <Realm className="org.apache.catalina.realm.LockOutRealm">

                    <Realm className="org.apache.catalina.realm.UserDatabaseRealm" resourceName="UserDatabase" />
               </Realm>

               <Host name="localhost" appBase="webapps" unpackWARs="true" autoDeploy="true">
                    <Valve className="org.apache.catalina.valves.AccessLogValve" directory="logs" prefix="localhost_access_log." suffix=".txt" pattern="%h %l %u %t &quot;%r&quot; %s %b" />
                    <Context path="/" docBase="ImgHosting.war" debug="0" privileged="true" reloadable="true" />
               </Host>
          </Engine>
     </Service>
</Server>
